d,vm,n1,n2
-0.543536444968995,0.049558807392715,42,41
-0.0349190457897426,0.0471895424100766,42,42
-0.0889502090257039,0.0358264603938566,56,55
1.35547054875343,0.0462323805499576,53,53
-0.401707395948245,0.0355677929441949,57,57
0.841541790018602,0.0379925866688309,57,57
0.967393977215855,0.045332661613248,49,49
0.805348282780664,0.0472027968601467,46,45
-0.180781879988749,0.0462878999893292,43,43
-0.241298775164293,0.0412190689375312,49,48
-0.617522231407272,0.0429061795662952,49,48
